<?xml version="1.0"?>
<!DOCTYPE ejb-jar PUBLIC '-//Sun Microsystems, Inc.//DTD Enterprise JavaBeans 2.0//EN' 'http://java.sun.com/dtd/ejb-jar_2_0.dtd'>

<ejb-jar>
  <enterprise-beans>
    <session>
      <ejb-name>ComplexOperations</ejb-name>
      <home>Demo.ComplexOperationsHome</home>
      <remote>Demo.ComplexOperations</remote>
      <ejb-class>Demo.ComplexOperationsBean</ejb-class>
      <session-type>Stateless</session-type>
      <transaction-type>Bean</transaction-type>
    </session>
  </enterprise-beans>
</ejb-jar>
